﻿<?xml version="1.0" encoding="utf-8" ?> 
<resources>
	<dimen name="size05">05dp</dimen>
	<dimen name="size07">07dp</dimen>
	<dimen name="size10">10dp</dimen>
	<dimen name="size15">15dp</dimen>
	<dimen name="size20">20dp</dimen>
	<dimen name="size25">25dp</dimen>
	<dimen name="size30">30dp</dimen>
	<dimen name="size35">35dp</dimen>
	<dimen name="size40">40dp</dimen>
	<dimen name="size45">45dp</dimen>
	<dimen name="size50">50dp</dimen>
	<dimen name="size55">55dp</dimen>
	<dimen name="size60">60dp</dimen>
	<dimen name="size65">65dp</dimen>
	<dimen name="size70">70dp</dimen>
	<dimen name="size75">75dp</dimen>
	<dimen name="size80">80dp</dimen>
	<dimen name="size85">85dp</dimen>
	<dimen name="size90">90dp</dimen>
	<dimen name="size95">95dp</dimen>
	<dimen name="size100">100dp</dimen>
	<dimen name="size150">150dp</dimen>
	<dimen name="size190">190dp</dimen>
	<dimen name="size200">200dp</dimen>	
	<dimen name="size300">300dp</dimen>
	<dimen name="size380">380dp</dimen>
</resources>
