<resources>

	<!-- Base application theme. -->
	<style name="AppTheme" parent="Theme.MaterialComponents.Light.NoActionBar">
		<!-- Customize your theme here. -->
		<item name="colorPrimary">@color/colorPrimary</item>
		<item name="colorPrimaryDark">@color/crayola</item>
		<item name="colorAccent">@color/crayola</item>
		<item name="android:windowActionBar">true</item>
		<item name="android:windowNoTitle">true</item>
		<item name="android:windowFullscreen">true</item>
	</style>
	<style name="Toolbar.TitleText" parent="TextAppearance.Widget.AppCompat.Toolbar.Title">
		<item name="android:textSize">28sp</item>
		<item name="android:textStyle">bold</item>

	</style>
</resources>
