﻿<?xml version="1.0" encoding="utf-8" ?>
<layer-list xmlns:android="http://schemas.android.com/apk/res/android" >
	<item android:id="@android:id/background">

		<shape
			android:innerRadiusRatio="3"
			android:shape="ring"
			android:thicknessRatio="20.0">
			<solid android:color="@color/transparentRed"/>
		</shape>
	</item>

	<item android:id="@android:id/progress">
		<shape
			android:innerRadiusRatio="3"
			android:shape="ring"
			android:thicknessRatio="15.0">
			<solid android:color="@color/lightRed"/>
		</shape>
	</item>


</layer-list>
